id,target
c0f722661,-0.572952587857143
f0953f0a5,0.299669556
0df072751,-0.6924785242857144
04caf4e0c,-1.5710062412857142
0e63f8bea,-1.456265504857143
12537fe78,-0.6619741071428571
965e592c0,0.052672038857142854
